-- V2: Seed core development data for SQL Server
IF NOT EXISTS (SELECT 1 FROM machines WHERE id = 'a1000000-0000-0000-0000-000000000001')
BEGIN
    INSERT INTO machines (id, code, name, type, vendor, model, line_id, plant_id, status, is_enabled, created_at, updated_at) VALUES
        ('a1000000-0000-0000-0000-000000000001', 'MC-01', 'CNC Lathe 01',    'CNC_MACHINE',    'SIEMENS',  'SINUMERIK 840D', 'LINE-A', 'PLANT-01', 'RUNNING', 1, SYSUTCDATETIME(), SYSUTCDATETIME()),
        ('a1000000-0000-0000-0000-000000000002', 'MC-02', 'CNC Milling 01',  'CNC_MACHINE',    'FANUC',    'Series 0i-MF',   'LINE-A', 'PLANT-01', 'RUNNING', 1, SYSUTCDATETIME(), SYSUTCDATETIME()),
        ('a1000000-0000-0000-0000-000000000003', 'MC-03', 'Robot Arm 01',    'ROBOT_ONLY',     'KUKA',     'KR 10 R1100',    'LINE-B', 'PLANT-01', 'IDLE',    1, SYSUTCDATETIME(), SYSUTCDATETIME()),
        ('a1000000-0000-0000-0000-000000000004', 'MC-04', 'Robot CNC Cell',  'ROBOT_CNC_CELL', 'LEANTEC',  'LT-500',         'LINE-B', 'PLANT-01', 'RUNNING', 1, SYSUTCDATETIME(), SYSUTCDATETIME()),
        ('a1000000-0000-0000-0000-000000000005', 'MC-05', 'CNC Grinding 01', 'CNC_MACHINE',    'SIEMENS',  'SINUMERIK 828D', 'LINE-C', 'PLANT-01', 'STOPPED', 1, SYSUTCDATETIME(), SYSUTCDATETIME());
END;

IF NOT EXISTS (
    SELECT 1
    FROM machine_thresholds
    WHERE machine_id = 'a1000000-0000-0000-0000-000000000001' AND metric_code = 'TEMPERATURE'
)
BEGIN
    INSERT INTO machine_thresholds (id, machine_id, metric_code, warning_value, critical_value, unit, created_at, updated_at) VALUES
        ('b1000000-0000-0000-0000-000000000001', 'a1000000-0000-0000-0000-000000000001', 'TEMPERATURE', 65, 80, N'°C',   SYSUTCDATETIME(), SYSUTCDATETIME()),
        ('b1000000-0000-0000-0000-000000000002', 'a1000000-0000-0000-0000-000000000001', 'VIBRATION',   4.5, 7.0, N'mm/s', SYSUTCDATETIME(), SYSUTCDATETIME()),
        ('b1000000-0000-0000-0000-000000000003', 'a1000000-0000-0000-0000-000000000001', 'POWER',       15, 20, N'kW',   SYSUTCDATETIME(), SYSUTCDATETIME()),
        ('b1000000-0000-0000-0000-000000000004', 'a1000000-0000-0000-0000-000000000002', 'TEMPERATURE', 60, 75, N'°C',   SYSUTCDATETIME(), SYSUTCDATETIME()),
        ('b1000000-0000-0000-0000-000000000005', 'a1000000-0000-0000-0000-000000000002', 'VIBRATION',   5.0, 8.0, N'mm/s', SYSUTCDATETIME(), SYSUTCDATETIME()),
        ('b1000000-0000-0000-0000-000000000006', 'a1000000-0000-0000-0000-000000000002', 'POWER',       18, 25, N'kW',   SYSUTCDATETIME(), SYSUTCDATETIME()),
        ('b1000000-0000-0000-0000-000000000007', 'a1000000-0000-0000-0000-000000000003', 'TEMPERATURE', 55, 70, N'°C',   SYSUTCDATETIME(), SYSUTCDATETIME()),
        ('b1000000-0000-0000-0000-000000000008', 'a1000000-0000-0000-0000-000000000003', 'VIBRATION',   3.0, 5.0, N'mm/s', SYSUTCDATETIME(), SYSUTCDATETIME()),
        ('b1000000-0000-0000-0000-000000000009', 'a1000000-0000-0000-0000-000000000004', 'TEMPERATURE', 60, 78, N'°C',   SYSUTCDATETIME(), SYSUTCDATETIME()),
        ('b1000000-0000-0000-0000-000000000010', 'a1000000-0000-0000-0000-000000000004', 'VIBRATION',   4.0, 6.5, N'mm/s', SYSUTCDATETIME(), SYSUTCDATETIME()),
        ('b1000000-0000-0000-0000-000000000011', 'a1000000-0000-0000-0000-000000000005', 'TEMPERATURE', 65, 82, N'°C',   SYSUTCDATETIME(), SYSUTCDATETIME()),
        ('b1000000-0000-0000-0000-000000000012', 'a1000000-0000-0000-0000-000000000005', 'VIBRATION',   4.5, 7.5, N'mm/s', SYSUTCDATETIME(), SYSUTCDATETIME());
END;

IF NOT EXISTS (
    SELECT 1
    FROM tool_catalogs
    WHERE machine_id = 'a1000000-0000-0000-0000-000000000001' AND tool_code = 'T01'
)
BEGIN
    INSERT INTO tool_catalogs (id, machine_id, tool_code, tool_name, tool_type, life_limit_minutes, life_limit_cycles, warning_threshold_pct, critical_threshold_pct, created_at, updated_at) VALUES
        ('c1000000-0000-0000-0000-000000000001', 'a1000000-0000-0000-0000-000000000001', 'T01', 'Turning Insert CNMG', 'INSERT',   120,  5000, 20, 10, SYSUTCDATETIME(), SYSUTCDATETIME()),
        ('c1000000-0000-0000-0000-000000000002', 'a1000000-0000-0000-0000-000000000001', 'T02', 'Drill Bit 10mm',      'DRILL',     90,  3000, 25, 10, SYSUTCDATETIME(), SYSUTCDATETIME()),
        ('c1000000-0000-0000-0000-000000000003', 'a1000000-0000-0000-0000-000000000002', 'T01', 'End Mill 12mm',       'ENDMILL',  100,  4000, 20, 10, SYSUTCDATETIME(), SYSUTCDATETIME()),
        ('c1000000-0000-0000-0000-000000000004', 'a1000000-0000-0000-0000-000000000002', 'T02', 'Face Mill 50mm',      'FACEMILL', 150,  6000, 20, 10, SYSUTCDATETIME(), SYSUTCDATETIME()),
        ('c1000000-0000-0000-0000-000000000005', 'a1000000-0000-0000-0000-000000000004', 'T01', 'Robot Gripper',       'GRIPPER',  500, 20000, 15, 5, SYSUTCDATETIME(), SYSUTCDATETIME()),
        ('c1000000-0000-0000-0000-000000000006', 'a1000000-0000-0000-0000-000000000005', 'T01', 'Grinding Wheel A60',  'WHEEL',    200,  8000, 20, 10, SYSUTCDATETIME(), SYSUTCDATETIME());
END;


